,laid,job,layoffs,company,people,work,years,like,jobs,months,layoff,ai,year,time,new,one,would,last,companies,getting,even,workers,working,know,since,go,due,first,going,back
laid,0,311,43,188,126,148,149,96,87,151,30,40,123,118,101,97,85,102,28,84,71,26,76,75,81,69,72,67,66,78
job,311,0,148,128,89,116,99,93,99,112,60,49,97,91,93,65,61,80,44,66,52,15,57,58,66,51,52,54,48,60
layoffs,43,148,0,124,111,81,69,84,88,47,29,103,66,58,71,54,51,47,94,33,40,49,35,37,32,31,35,40,37,23
company,188,128,124,0,79,81,77,51,42,70,64,24,67,64,65,59,58,66,32,35,33,13,37,31,34,39,41,35,35,30
people,126,89,111,79,0,75,41,54,46,36,48,37,39,36,34,46,24,23,36,32,30,13,22,28,12,26,22,23,32,20
work,148,116,81,81,75,0,62,49,38,51,46,25,52,57,44,37,41,37,17,21,33,9,29,31,38,31,31,24,25,24
years,149,99,69,77,41,62,0,38,42,41,30,22,42,41,35,27,26,42,21,26,24,6,40,17,31,20,23,25,20,31
like,96,93,84,51,54,49,38,0,43,33,43,25,25,30,27,28,29,27,29,28,26,9,26,33,20,24,18,18,27,20
jobs,87,99,88,42,46,38,42,43,0,36,29,36,26,26,28,26,14,22,26,23,25,18,17,22,25,10,22,16,16,16
months,151,112,47,70,36,51,41,33,36,0,36,11,39,51,45,29,33,42,22,22,23,4,29,25,26,19,24,24,15,28
layoff,30,60,29,64,48,46,30,43,29,36,0,15,21,28,28,29,29,27,21,9,20,13,18,16,20,18,15,16,13,12
ai,40,49,103,24,37,25,22,25,36,11,15,0,15,14,18,10,14,7,31,7,12,20,6,15,10,7,17,5,14,6
year,123,97,66,67,39,52,42,25,26,39,21,15,0,34,45,38,21,60,14,22,21,10,24,21,27,28,25,25,14,24
time,118,91,58,64,36,57,41,30,26,51,28,14,34,0,30,34,31,35,16,20,25,7,34,25,26,24,26,36,26,21
new,101,93,71,65,34,44,35,27,28,45,28,18,45,30,0,32,31,36,23,20,15,14,26,19,19,20,16,21,17,26
one,97,65,54,59,46,37,27,28,26,29,29,10,38,34,32,0,23,33,16,12,20,9,19,12,23,18,16,21,15,18
would,85,61,51,58,24,41,26,29,14,33,29,14,21,31,31,23,0,29,18,16,16,6,17,15,11,19,19,11,12,17
last,102,80,47,66,23,37,42,27,22,42,27,7,60,35,36,33,29,0,13,14,17,8,21,18,33,20,20,20,15,16
companies,28,44,94,32,36,17,21,29,26,22,21,31,14,16,23,16,18,13,0,16,17,16,9,8,13,12,5,8,13,11
getting,84,66,33,35,32,21,26,28,23,22,9,7,22,20,20,12,16,14,16,0,17,3,9,14,9,7,9,13,12,15
even,71,52,40,33,30,33,24,26,25,23,20,12,21,25,15,20,16,17,17,17,0,8,10,28,19,8,12,11,14,18
workers,26,15,49,13,13,9,6,9,18,4,13,20,10,7,14,9,6,8,16,3,8,0,12,7,4,1,1,4,4,3
working,76,57,35,37,22,29,40,26,17,29,18,6,24,34,26,19,17,21,9,9,10,12,0,10,17,21,20,19,15,19
know,75,58,37,31,28,31,17,33,22,25,16,15,21,25,19,12,15,18,8,14,28,7,10,0,18,9,11,15,16,10
since,81,66,32,34,12,38,31,20,25,26,20,10,27,26,19,23,11,33,13,9,19,4,17,18,0,13,21,18,13,12
go,69,51,31,39,26,31,20,24,10,19,18,7,28,24,20,18,19,20,12,7,8,1,21,9,13,0,20,7,14,19
due,72,52,35,41,22,31,23,18,22,24,15,17,25,26,16,16,19,20,5,9,12,1,20,11,21,20,0,12,10,12
first,67,54,40,35,23,24,25,18,16,24,16,5,25,36,21,21,11,20,8,13,11,4,19,15,18,7,12,0,9,11
going,66,48,37,35,32,25,20,27,16,15,13,14,14,26,17,15,12,15,13,12,14,4,15,16,13,14,10,9,0,12
back,78,60,23,30,20,24,31,20,16,28,12,6,24,21,26,18,17,16,11,15,18,3,19,10,12,19,12,11,12,0
